/*CLIENTE*/

INSERT INTO cliente (nome, sobrenome, telefone, email)
VALUES 	('Rodrigo', 'Soares', '24988679969', 'rodrigo@gmail.com'),
		('Lucas', 'Duarte', '24999999991', 'lucasduarte@hotmail.com'),
		('Fabiana', 'Soares', '24999999992', 'fabiana@yahoo.com'),
		('Mariana', 'Gomes', '2199885544', 'mariana@email.com'),
		('Lucas', 'Pereira', '1199443322', 'lucas@email.com'),
		('Julia', 'Rodrigues', '1199228811', 'julia@email.com'),
		('Fernando', 'Oliveira', '2199771122', 'fernando@email.com'),
		('Camila', 'Almeida', '2199667788', 'camila@email.com'),
		('Gustavo', 'Santana', '1199553344', 'gustavo@email.com'),
		('Isabela', 'Martins', '1199881122', 'isabela@email.com'),
		('Rafael', 'Lima Pereira', '2199554433', 'rafael@email.com'),
		('Aline', 'Silva Santos', '3199776655', 'aline@email.com'),
		('Bruno', 'Ferreira Souza', '1199887766', 'bruno@email.com'),
		('Patrícia', 'Garcia Oliveira', '2199885544', 'patricia@email.com'),
		('Diego', 'Martins Almeida', '1199443322', 'diego@email.com'),
		('Larissa', 'Rodrigues Costa', '1199228811', 'larissa@email.com'),
		('Thiago', 'Pereira Lima', '2199771122', 'thiago@email.com'),
		('Cristina', 'Santos Costa', '2199667788', 'cristina@email.com'),
		('Felipe', 'Mendes Silva', '1199553344', 'felipe@email.com'),
		('Marina', 'Ribeiro Almeida', '1199881122', 'marina@email.com');


/*PEDIDO*/

INSERT INTO pedido (id_cliente, data_pedido, estado_pedido)
VALUES 	('1', '03/07/2023', 'Preparando'),
		('2', '02/08/2023', 'Pronto'),
		('3', '02/08/2023', 'Entregue'),
		('1', '02/10/2023', 'Preparando'),
		('2', '02/10/2023', 'Pronto'),
		('3', '02/10/2023', 'Entregue'),
		('4', '03/10/2023', 'Preparando'),
		('5', '03/10/2023', 'Pronto'),
		('6', '03/10/2023', 'Entregue'),
		('7', '04/10/2023', 'Preparando'),
		('8', '04/10/2023', 'Pronto'),
		('9', '04/10/2023', 'Entregue'),
		('10', '05/10/2023', 'Preparando'),
		('11', '05/10/2023', 'Pronto'),
		('12', '05/10/2023', 'Entregue'),
		('13', '06/10/2023', 'Preparando'),
		('14', '06/10/2023', 'Pronto'),
		('15', '06/10/2023', 'Entregue'),
		('16', '07/10/2023', 'Preparando'),
		('17', '07/10/2023', 'Pronto'),
		('18', '07/10/2023', 'Entregue'),
		('19', '08/10/2023', 'Preparando'),
		('20', '08/10/2023', 'Pronto'),
		('1', '09/10/2023', 'Preparando'),
		('2', '09/10/2023', 'Preparando'),
		('3', '09/10/2023', 'Preparando'),
		('4', '09/10/2023', 'Preparando'),
		('5', '09/10/2023', 'Preparando'),
		('6', '09/10/2023', 'Preparando'),
		('7', '09/10/2023', 'Preparando'),
		('8', '09/10/2023', 'Preparando'),
		('1', '10/10/2023', 'Pronto'),
		('2', '10/10/2023', 'Pronto'),
		('3', '10/10/2023', 'Pronto'),
		('4', '10/10/2023', 'Pronto'),
		('5', '10/10/2023', 'Pronto'),
		('6', '10/10/2023', 'Pronto'),
		('7', '10/10/2023', 'Pronto'),
		('8', '10/10/2023', 'Pronto'),
		('1', '11/10/2023', 'Entregue'),
		('2', '11/10/2023', 'Entregue'),
		('3', '11/10/2023', 'Entregue'),
		('4', '11/10/2023', 'Entregue'),
		('5', '11/10/2023', 'Entregue'),
		('6', '11/10/2023', 'Entregue'),
		('7', '11/10/2023', 'Entregue'),
		('8', '11/10/2023', 'Entregue'),
		('1', '12/10/2023', 'Preparando'),
		('2', '12/10/2023', 'Preparando'),
		('3', '12/10/2023', 'Preparando'),
		('4', '12/10/2023', 'Preparando'),
		('5', '12/10/2023', 'Preparando'),
		('6', '12/10/2023', 'Preparando'),
		('7', '12/10/2023', 'Preparando'),
		('8', '12/10/2023', 'Preparando'),
		('1', '13/10/2023', 'Pronto'),
		('2', '13/10/2023', 'Pronto'),
		('3', '13/10/2023', 'Pronto'),
		('4', '13/10/2023', 'Pronto'),
		('5', '13/10/2023', 'Pronto'),
		('6', '13/10/2023', 'Pronto'),
		('7', '13/10/2023', 'Pronto'),
		('8', '13/10/2023', 'Pronto'),
		('1', '14/10/2023', 'Entregue'),
		('2', '14/10/2023', 'Entregue'),
		('3', '14/10/2023', 'Entregue'),
		('4', '14/10/2023', 'Entregue'),
		('5', '14/10/2023', 'Entregue'),
		('6', '14/10/2023', 'Entregue'),
		('7', '14/10/2023', 'Entregue'),
		('8', '14/10/2023', 'Entregue');


/*ITEM */

INSERT INTO item (nome_item, preco_item, categoria_item)
VALUES 	('Paillard de filet', 89.90, 'Prato Principal'),
		('Steak tartare', 99.80, 'Prato Principal'),
		('Risoto de cogumelos com ancho', 110.90, 'Prato Principal'),
		('Filet Mignon ao Molho de Vinho Tinto', 79.90, 'Prato Principal'),
		('Salmão Grelhado com Molho de Maracujá', 69.90, 'Prato Principal'),
		('Pato Confit com Purê de Maçã', 59.90, 'Prato Principal'),
		('Tagliolini com Frutos do Mar Frescos', 49.90, 'Prato Principal'),
		('Linguado ao Beurre Blanc e Ervas Finas', 139.90, 'Prato Principal'),
		('Robalo Grelhado com Crosta de Castanhas', 129.90, 'Prato Principal'),
		('Medalhão de Lagosta ao Molho de Champagne', 119.90, 'Prato Principal'),

		('London Peperontino', 49.90, 'Entrada'),
		('Cordeiro marroquino', 39.90, 'Entrada'),
		('Carpaccio de Wagyu com Rúcula e Parmesão', 29.90, 'Entrada'),
		('Tartare de Salmão com Caviar', 19.90, 'Entrada'),
		('Ostras Frescas ao Natural', 59.90, 'Entrada'),
		('Terrine de Foie Gras com Geleia de Frutas Vermelhas', 69.90, 'Entrada'),
		('Camarões Grelhados ao Perfume de Limão Siciliano', 79.90, 'Entrada'),
		('Salada de Rúcula com Queijo de Cabra e Amêndoas Tostadas', 89.90, 'Entrada'),
		('Vieiras Grelhadas com Creme de Ervas', 99.90, 'Entrada'),
		('Carpaccio de Polvo com Vinagrete de Pimentões', 109.90, 'Entrada'),

		('Coca KS', 9.90, 'Bebida'),
		('Coca 310ml', 6.90, 'Bebida'),
		('Mojito de Maracujá com Manjericão', 4.90, 'Bebida'),
		('Caipirinha de Morango e Capim Limão', 3.90, 'Bebida'),
		('Bellini de Pêssego Branco', 8.90, 'Bebida'),
		('Gin Tônica de Pepino e Alecrim', 7.90, 'Bebida'),
		('Coquetel de Maracujá com Infusão de Baunilha', 5.90, 'Bebida'),
		('Mocktail de Framboesa e Hortelã', 2.90, 'Bebida'),
		('Spritz de Aperol com Laranja Siciliana', 10.90, 'Bebida'),
		('Sangria de Frutas Vermelhas e Cravo', 12.90, 'Bebida');

/*FUNCIONARIO */
INSERT INTO funcionario (nome, sobrenome, cargo, salario)
VALUES 	('Jorge', 'Remy', 'Chef', 3000.00),
		('Carlos', 'Oliveira', 'Garçom', 2500.00),
		('Mariana', 'Lima', 'Garçom', 1800.00),
		('Gabriel', 'Pereira', 'Garçom', 1800.00),
		('Ana', 'Santos', 'Cozinheiro', 2000.00),
		('Rafael', 'Martins', 'Cozinheiro', 2000.00),
		('Fernanda', 'Costa', 'Cozinheiro', 2000.00),
		('Eduardo', 'Alves', 'Cozinheiro', 2000.00),
		('Julia', 'Almeida', 'Cozinheiro', 2000.00),
		('Lucas', 'Rodrigues', 'Recepcionista', 1800.00),
		('Isabela', 'Ferreira', 'Recepcionista', 1800.00),
		('Vinícius', 'Santana', 'Faxineiro', 1500.00),
		('Carla', 'Oliveira', 'Faxineiro', 1500.00);		

/*MESA*/
INSERT INTO mesa (numero_mesa, capacidade)
VALUES 	(1, 2),
		(2, 4),
		(3, 2),
		(4, 4),
		(5, 2),
		(6, 4),
		(7, 2),
		(8, 4),
		(9, 2),
		(10, 4),
		(11, 2),
		(12, 4),
		(13, 2),
		(14, 4),
		(15, 2),
		(16, 4),
		(17, 2),
		(18, 4),
		(19, 2),
		(20, 4);

/*PEDIDO CONTEM ITEM*/
INSERT INTO pedido_contem_item (id_pedido, id_item, quantidade)
VALUES 
    (1, 15, 3),
    (25, 5, 2),
    (10, 28, 4),
    (8, 9, 1),
    (20, 12, 3),
    (3, 30, 4),
    (18, 7, 2),
    (7, 19, 1),
    (15, 2, 3),
    (6, 21, 2),
    (28, 26, 1),
    (12, 17, 4),
    (5, 11, 1),
    (30, 4, 2),
    (22, 23, 3),
    (14, 29, 4),
    (2, 6, 2),
    (24, 27, 1),
    (9, 18, 4),
    (16, 13, 3),
    (4, 3, 1),
    (29, 24, 2),
    (11, 8, 4),
    (19, 14, 1),
    (26, 25, 3),
    (13, 22, 2),
    (27, 1, 4),
    (17, 16, 1),
    (23, 10, 3),
    (21, 20, 4),
    (6, 11, 4),
    (18, 3, 3),
    (27, 15, 2),
    (10, 28, 4),
    (4, 25, 3),
    (16, 9, 2),
    (12, 5, 1),
    (8, 18, 4),
    (21, 30, 1),
    (9, 24, 4),
    (7, 16, 2),
    (30, 7, 3),
    (22, 13, 1),
    (14, 20, 4),
    (25, 17, 2),
    (17, 29, 3),
    (29, 22, 1),
    (11, 6, 4),
    (19, 1, 2),
    (28, 27, 1),
    (23, 10, 3),
    (5, 2, 4),
    (3, 19, 1),
    (15, 26, 3),
    (24, 14, 2),
    (20, 12, 1),
    (13, 8, 4),
    (26, 4, 2),
    (1, 23, 3),
    (2, 21, 1),
    (30, 15, 4),
    (14, 6, 2),
    (11, 25, 1),
    (19, 14, 3),
    (6, 10, 4),
    (25, 27, 2),
    (7, 9, 3),
    (18, 16, 1),
    (24, 18, 4),
    (13, 29, 2),
    (22, 3, 3),
    (8, 19, 1),
    (27, 8, 4),
    (16, 30, 2),
    (29, 5, 3),
    (12, 24, 1),
    (3, 7, 4),
    (15, 17, 2),
    (26, 11, 3),
    (5, 30, 2),
    (17, 18, 3),
    (28, 10, 4),
    (10, 27, 1),
    (31, 2, 4),
    (31, 3, 2),
    (32, 4, 3),
    (32, 5, 1),
    (33, 6, 4),
    (33, 7, 2),
    (34, 8, 3),
    (34, 9, 1),
    (35, 10, 2),
    (35, 11, 3),
    (36, 12, 4),
    (36, 13, 1),
    (37, 14, 2),
    (37, 15, 3),
    (38, 16, 4),
    (38, 17, 1),
    (39, 18, 2),
    (39, 19, 3),
    (40, 20, 4),
    (40, 21, 1),
    (41, 22, 2),
    (41, 23, 3),
    (42, 24, 4),
    (42, 25, 1),
    (43, 26, 2),
    (43, 27, 3),
    (44, 28, 4),
    (44, 29, 1),
    (45, 30, 2),
    (45, 1, 3),
    (46, 2, 4),
    (46, 3, 1),
    (47, 4, 2),
    (47, 5, 3),
    (48, 6, 4),
    (48, 7, 1),
    (49, 8, 2),
    (49, 9, 3),
    (50, 10, 4),
    (50, 11, 1),
    (51, 12, 2),
    (51, 13, 3),
    (52, 14, 4),
    (52, 15, 1),
    (53, 16, 2),
    (53, 17, 3),
    (54, 18, 4),
    (54, 19, 1),
    (55, 20, 2),
    (55, 21, 3),
    (56, 22, 4),
    (56, 23, 1),
    (57, 24, 2),
    (57, 25, 3),
    (58, 26, 4),
    (58, 27, 1),
    (59, 28, 2),
    (59, 29, 3),
    (60, 30, 4),
    (60, 1, 1),
    (61, 2, 2),
    (61, 3, 3),
    (62, 4, 4),
    (62, 5, 1),
    (63, 6, 2),
    (63, 7, 3),
    (64, 8, 4),
    (64, 9, 1),
    (65, 10, 2),
    (65, 11, 3),
    (66, 12, 4),
    (66, 13, 1),
    (67, 14, 2),
    (67, 15, 3),
    (68, 16, 4),
    (68, 17, 1),
    (69, 18, 2),
    (69, 19, 3),
    (70, 20, 4),
    (70, 21, 1),
    (71, 22, 2),
    (71, 23, 3);


/*Funcionario atende Pedido*/

INSERT INTO funcionario_atende_pedido (id_funcionario, id_pedido, hora_atendimento)
VALUES 
    (2, 3, '2023-01-01 09:45:00'),
    (3, 5, '2023-01-01 17:30:00'),
    (4, 7, '2023-01-01 14:20:00'),
    (2, 9, '2023-01-01 10:05:00'),
    (3, 11, '2023-01-01 19:15:00'),
    (4, 13, '2023-01-01 12:40:00'),
    (2, 15, '2023-01-01 20:50:00'),
    (3, 17, '2023-01-01 11:25:00'),
    (4, 19, '2023-01-01 18:00:00'),
    (2, 21, '2023-01-01 13:55:00'),
    (3, 23, '2023-01-01 21:10:00'),
    (4, 25, '2023-01-01 08:30:00'),
    (2, 27, '2023-01-01 16:45:00'),
    (3, 29, '2023-01-01 12:10:00'),
    (4, 31, '2023-01-01 20:20:00'),
    (2, 33, '2023-01-01 09:00:00'),
    (3, 35, '2023-01-01 17:00:00'),
    (4, 37, '2023-01-01 14:50:00'),
    (2, 39, '2023-01-01 10:35:00'),
    (3, 41, '2023-01-01 19:40:00'),
    (4, 43, '2023-01-01 12:25:00'),
    (2, 45, '2023-01-01 20:30:00'),
    (3, 47, '2023-01-01 09:15:00'),
    (4, 49, '2023-01-01 17:50:00'),
    (2, 51, '2023-01-01 14:30:00'),
    (3, 53, '2023-01-01 10:20:00'),
    (4, 55, '2023-01-01 19:05:00'),
    (2, 57, '2023-01-01 11:40:00'),
    (3, 59, '2023-01-01 21:00:00'),
    (4, 61, '2023-01-01 13:35:00'),
    (2, 63, '2023-01-01 20:45:00'),
    (2, 1, '2023-01-01 09:45:00'),
    (3, 2, '2023-01-01 17:30:00'),
    (4, 4, '2023-01-01 14:20:00'),
    (2, 6, '2023-01-01 10:05:00'),
    (3, 8, '2023-01-01 19:15:00'),
    (4, 10, '2023-01-01 12:40:00'),
    (2, 12, '2023-01-01 20:50:00'),
    (3, 14, '2023-01-01 11:25:00'),
    (4, 16, '2023-01-01 18:00:00'),
    (2, 18, '2023-01-01 13:55:00'),
    (3, 20, '2023-01-01 21:10:00'),
    (4, 22, '2023-01-01 08:30:00'),
    (2, 24, '2023-01-01 16:45:00'),
    (3, 26, '2023-01-01 12:10:00'),
    (4, 28, '2023-01-01 20:20:00'),
    (2, 30, '2023-01-01 09:00:00'),
    (3, 32, '2023-01-01 17:00:00'),
    (4, 34, '2023-01-01 14:50:00'),
    (2, 36, '2023-01-01 10:35:00'),
    (3, 38, '2023-01-01 19:40:00'),
    (4, 40, '2023-01-01 12:25:00'),
    (2, 42, '2023-01-01 20:30:00'),
    (3, 44, '2023-01-01 09:15:00'),
    (4, 46, '2023-01-01 17:50:00'),
    (2, 48, '2023-01-01 14:30:00'),
    (3, 50, '2023-01-01 10:20:00'),
    (4, 52, '2023-01-01 19:05:00'),
    (2, 54, '2023-01-01 11:40:00'),
    (3, 56, '2023-01-01 21:00:00'),
    (4, 58, '2023-01-01 13:35:00'),
    (2, 60, '2023-01-01 20:45:00'),
    (3, 62, '2023-01-01 12:10:00'),
    (4, 64, '2023-01-01 20:20:00'),
    (2, 66, '2023-01-01 09:00:00'),
    (3, 68, '2023-01-01 17:00:00'),
    (4, 70, '2023-01-01 14:50:00'),
    (4, 71, '2023-01-01 13:50:00'),
    (4, 67, '2023-01-02 14:50:00'),
    (4, 69, '2023-01-01 10:50:00'),
    (4, 65, '2023-01-01 11:50:00');

/*Mesa ocupa pedido*/

INSERT INTO mesa_ocupa_pedido (id_mesa, id_pedido, hora_inicio, hora_fim)
VALUES
	(1, 1, '19:00:00', '20:30:00'),
	(2, 2, '19:15:00', '21:00:00'),
	(3, 3, '19:30:00', '22:15:00'),
	(4, 4, '19:45:00', '20:45:00'),
	(5, 5, '20:00:00', '21:30:00'),
	(6, 6, '20:15:00', '21:45:00'),
	(7, 7, '20:30:00', '22:00:00'),
	(8, 8, '20:45:00', '22:15:00'),
	(9, 9, '21:00:00', '22:30:00'),
	(10, 10, '21:15:00', '22:45:00'),
	(11, 11, '21:30:00', '23:00:00'),
	(12, 12, '19:00:00', '20:30:00'),
	(13, 13, '19:15:00', '21:00:00'),
	(14, 14, '19:30:00', '22:15:00'),
	(15, 15, '19:45:00', '20:45:00'),
	(16, 16, '20:00:00', '21:30:00'),
	(17, 17, '20:15:00', '21:45:00'),
	(18, 18, '20:30:00', '22:00:00'),
	(19, 19, '20:45:00', '22:15:00'),
	(20, 20, '21:00:00', '22:30:00'),
	(1, 21, '21:15:00', '22:45:00'),
	(2, 22, '21:30:00', '23:00:00'),
	(3, 23, '19:00:00', '20:30:00'),
	(4, 24, '19:15:00', '21:00:00'),
	(5, 25, '19:30:00', '22:15:00'),
	(6, 26, '19:45:00', '20:45:00'),
	(7, 27, '20:00:00', '21:30:00'),
	(8, 28, '20:15:00', '21:45:00'),
	(9, 29, '20:30:00', '22:00:00'),
	(10, 30, '20:45:00', '22:15:00'),
	(11, 31, '21:00:00', '22:30:00'),
	(12, 32, '21:15:00', '22:45:00'),
	(13, 33, '21:30:00', '23:00:00'),
	(14, 34, '19:00:00', '20:30:00'),
	(15, 35, '19:15:00', '21:00:00'),
	(16, 36, '19:30:00', '22:15:00'),
	(17, 37, '19:45:00', '20:45:00'),
	(18, 38, '20:00:00', '21:30:00'),
	(19, 39, '20:15:00', '21:45:00'),
	(20, 40, '20:30:00', '22:00:00'), 
	(1, 41, '20:45:00', '22:15:00'),
	(2, 42, '21:00:00', '22:30:00'),
	(3, 43, '21:15:00', '22:45:00'),
	(4, 44, '21:30:00', '23:00:00'),
	(5, 45, '19:00:00', '20:30:00'),
	(6, 46, '19:15:00', '21:00:00'),
	(7, 47, '19:30:00', '22:15:00'),
	(8, 48, '19:45:00', '20:45:00'),
	(9, 49, '20:00:00', '21:30:00'),
	(10, 50, '20:15:00', '21:45:00'),
	(11, 51, '20:30:00', '22:00:00'),
	(12, 52, '20:45:00', '22:15:00'),
	(13, 53, '21:00:00', '22:30:00'),
	(14, 54, '21:15:00', '22:45:00'),
	(15, 55, '21:30:00', '23:00:00'),
	(16, 56, '19:00:00', '20:30:00'),
	(17, 57, '19:15:00', '21:00:00'),
	(18, 58, '19:30:00', '22:15:00'),
	(19, 59, '19:45:00', '20:45:00'),
	(20, 60, '20:00:00', '21:30:00'),
	(1, 61, '20:15:00', '21:45:00'),
	(2, 62, '20:30:00', '22:00:00'),
	(3, 63, '20:45:00', '22:15:00'),
	(4, 64, '21:00:00', '22:30:00'),
	(5, 65, '21:15:00', '22:45:00'),
	(6, 66, '21:30:00', '23:00:00'),
	(7, 67, '19:00:00', '20:30:00'),
	(8, 68, '19:15:00', '21:00:00'),
	(9, 69, '19:30:00', '22:15:00'),
	(10, 70, '19:45:00', '20:45:00'),
	(11, 71, '20:00:00', '21:30:00');
